SC_Name,FB_Name
Yūya Ōsako,
Kosei Ashibe,
Naoto Miki,
Kisho Yano,
Hiroto Goya,
Kensei Nakashima,
Toa Suenaga,
Masashi Kokubun,
Kasper Junker,
Yuta Matsumura,
Riyo Kawamoto,
Hisatsugu Ishii,
Vinicius Diniz Dall Antônia,
Takamitsu Tomiyama,
Oriola Sunday,
Taisei Kuwata,
Yoshiki Takahashi,
Kazuma Nagata,
Yuta Togashi,
Yuto Yamashita,
Rafael Elias da Silva,
Edigar Junio Teixeira Lima,
Hisatoshi Nishido,
Ricardo Queiroz de Alencastro Graça,
Yuta Goke,
Riku Morioka,
Hide  Higashikawa,
Thonny Anderson Da Silva Carvalho,
Ko  Miyazaki,
Yusuke Chajima,
Amadou Bakayoko,アマドゥ　バカヨコ
Kyota Sakakibara,
Yuhi Takemoto,
Shosei Usui,
Toranosuke Onozeki,
Kazuki Nishiya,
Keisuke Ogasawara,
Erik Nascimento de Lima,
Dean David,
Shuta  Sasa,
Tete  Yengi,
Masaki  Shintani,
Ryo Sato,
Douglas Willian da Silva Souza,
Yuki Morikawa,
Issei Tone,
Keigo Watanabe,
Ryo Arita,
Carlos Alberto de Souza Júnior,
Ryoji Fujimori,
Rei Umeki,
Kazuma Yamaguchi,
Kaito Taniguchi,
Kento Hashimoto,
Taichi Kikuchi,
Tomoki Hino,
Leon Nozawa,
Keisuke Tsukui,
Isaac Kiese Thelin,
Mizuki  Kaburaki,
Shota Kawanishi,
Luiz Eduardo Fleuri Pacheco,
Hayate Take,
Sotaro Shimizu,
Ichika Maeda,
Harumi Minamino,
Naoki Tsubaki,
Daizo Horikoshi,
Wadi Ibrahim Suzuki,
Yuto Kawabata,
Shota Kaneko,
Shota Tanaka,
Mohamad Sadiki Wade,
Mateus dos Santos Castro,
Abdul Hanan  Sani Brown,
Tsuyoshi Miyaichi,
Kensuke Fujiwara,
Takumi Shimada,
Koju Yoshio,
Sonosuke Sato,
Haruto Shirai,
Naoto Ando,
George Onaiwu,
Kiichi  Yamazaki,
Kusini Yengi,
Yosuke Ueno,
Tae-won Kim,
Ken Tshizanga Matsumoto,
Ko Yanagisawa,
Raiki Tsubogo,
Kaito Konomi,
Ryota Ito,
Yuki Okada,
Soma Anzai,
Rafael Rogerio da Silva,
Rea Ishizuka,
Norman Campbell,
Yuki Kajiura,
Junya  Takahashi,
Diego Queiroz de Oliveira,
Kohei Isa,
Keigo  Nakayama,
Isa Sakamoto,
Shinji Kagawa,
Hiroto Sese,
Seiya Nakano,
Naohiro  Sugiyama,
Thiago Santos Santana,
Kyosuke Tagawa,
Hayato Kanda,
Takuya Yasui,
Daichi Matsuoka,
Kai Miki,
Sho Fukuda,
Masato Handai,
Yuta Mikado,
Kazune Kubota,
Cheikh Diamanka,
Yumeki Yokoyama,
Sora  Okita,
Akito Tanahashi,
Ren Komatsu,
Hidetoshi Takeda,
Daiju Sasaki,
Yota Komi,
Vitor Frezarin Bueno,
Tatsuya Hasegawa,
Mahiro Yunomae,
Ayumu  Kameda,
Kai Shibato,
Sota Koshimichi,
Kazunari Ohno,
Arata Watanabe,
Koya Yuruki,
Oura Ishihara,
Keita  Negishi,
Peter Utaka,
Himan Morimoto,
Gen  Matsumura,
Yuto Minakuchi,
Junki Hata,
Ryuji Kokubu,
Tsubasa Yoshihira,
Yan Matheus Santos Souza,
Yukihito Kajiya,
Takumi Kusumoto,
Min-kyu Park,
Jun Amano,
Ryosuke Hisadomi,
Tsubasa Umeki,
Taiga Kimoto,
Hiroki Higuchi,
Matheus Sousa de Jesus,
Junya Kato,
Koya Fujii,
Kazushi Fujii,
Kazushi Mitsuhira,
Shuto Udo,
Aren Inoue,
Cayman Togashi,
Mahiro Yoshinaga,
Cal Jennings,
Taiki Arai,
Musashi Suzuki,
Ryo Shiohama,
Rikuto Kubo,
Manato Shinada,
Issam Jebali,
Toshiki Takahashi,
Valère Germain,
Shuhei Tokumoto,
Yuya Fukuda,
Jorn Pedersen,
Takumi Matsui,
Hiroto Yamada,
Keita Nakamura,
Douglas da Silva Vieira,
Jean Hebert de Freitas,
Ryo Saito,
Hayato Nakama,
Gun-Hee Kim,
Soshi Iwagishi,
Takumi  Yasuno,
Koki  Morita,
Naoto Misawa,
Sota Watanabe,
Ryunosuke Sugawara,
Reiju Tsuruno,
Keita Buwanika,
Yuya Yamagishi,
Shinya Yajima,
Kazuya  Noyori,
Yuki Kobayashi,
Yotaro Nakajima,
Manabu Saito,
Taro Sugimoto,
Yohei Ono,
Eiji Miyamoto,
Taira Maeda,
Kaito Seriu,
Rikiru Nakano,
Kosuke Fujioka,
Taiga Maekawa,
Kimiya Moriyama,
Wesley Tanque da Silva,
Ren Ikeda,
Ahmed Ahmedov,
Raisei Abe,
Kosuke  Sagawa,
Rio Maeda,
Tatsuma Sakai,
Daisuke Suzuki,
Marcus Vinicius Ferreira Teixeira,
Tomoya Yokoyama,
Dai Hirase,
Daiki Yamaguchi,
Toya Nakamura,
Weverton de Souza Santos,
Solomon Sakuragawa,
Ikki Kawasaki,
Haruto  Murakami,
Shinta  Hojo,
Jordy Croux,
Gustavo Klismahn Dimaraes Miranda,
Yusuke Goto,
Yuto Kunitake,
Motoki Hasegawa,
Hagumi Wada,
Kaiga Murakoshi,
Yoshiatsu Oiji,
Koki Sugimori,
Yuta Toyokawa,
Sena Ishibashi,
Kenshiro Suzuki,
Joji  Ikegami,
Ryosuke Shirai,
Masaya Tashiro,
Naoki Maeda,
Mizuki Arai,
Ryo Watanabe,
Hinata Konishi,
Hayato Otani,
Toshiki Toya,
Miguel Silveira dos Santos,
Ken Masui,
Rikuto Hirose,
Taiga Ishiura,
Kyota Funahashi,
Shun Nagasawa,
Koki Oshima,
Vinícius  Vasconcelos Araújo,
Itsuki Someno,
Shunsuke Yamamoto,
Taiyo Nishino,
Eduardo Figueiredo da Cruz,
Ryota Iwabuchi,
Masaya Okugawa,
Akira Ibayashi,
Gakuto Kawamura,
Kota Nakayama,
Manato Furukawa,
Charles Nduka,
Ryota  Ichihara,
Shota Tamura,
Kei Ikoma,
Kotaro Tokunaga,
Keita  Kobayashi,
Motoki Nagakura,
Nobuteru Nakagawa,
Kensuke Nagai,
Keito Kumashiro,
Mutsuki Kato,
Shunji Masuda,
Masayoshi Endo,
Gleyson Garcia de Oliveira,
Jean Patric Lima dos Reis,
Teppei Yachida,
Yusei  Toshida,
Daichi Kobayashi,
Shuto  Adachi,
Gabriel Henrique,
Takaya  Kimura,
Kojo Dadzie,
Keita Nakano,
Taisei Miyashiro,
Kokoro  Kobayashi,
Se-Hun Oh,
Tomoya Osawa,
Masato Yuzawa,
Tolgay Ali Arslan,
Yusuke Kikui,
Keita Fujimura,
Akito Ueno,
Jun  Nishikawa,
Kaito  Satori,
Kohei Tanabe,
Rui Tone,
Yuya Takazawa,
Kota Yamada,
Min-Tae Kim,
Makoto Okazaki,
Alef Firmino dos Anjos,
Mao Hosoya,
Iori  Sakamoto,
Riki Matsuda,
Takumu Fujinuma,
Takuya Shimamura,
Hayato Asakawa,
Yoshiki Fujimoto,
Naoki Yamada,
Tatsuya Hakozaki,
Gustavo Henric da Silva,
Daiki Watari,
Yuto  Ozeki,
Keijiro Ogawa,
Rin  Yamazaki,
Kosei  Yoshida,
Kota Mori,
Toshiya Tanaka,
Reo Osaki,
Yusuke Matsuo,
Hayato Manabe,
Kaito Umeda,
João Victor Andrade Caetano,
Takuma Arano,
Supachok Sarachat,
Ryota Nakamura,
Shinzo Koroki,
Yuto Mori,
 Yuya  Mineda,
Haruya Ide,
Masaya Shibayama,
Fabián Andrés González Lasso,
Shota Suzuki,
Yuhei Nishida,
Yutaka Michiwaki,
Tokumo Kawai,
Kyota Tokiwa,
Yusei Yashiki,
Tomoya Miki,
Ryota  Ozawa,
Toki Yukutomo,
Hinata  Yamauchi,
Shunnosuke Matsuki,
Rio Nitta,
Yamato Natsukawa,
Koji Okumura,
Jeong Min Bae,
Rinta  Miyoshi,
Kohei Hosoya,
Soichiro Fukaminato,
Hiroya Matsumoto,
Takumi Nagura,
Kaiyo Yanagimachi,
Yuji Ono,
Takumi  Fujiwara,
Shu Kurata,
Akito Suzuki,
Jelani Reshaun Sumiyoshi,
Naoya Komazawa,
Naoki Inoue,
Shogo Asada,
Keigo Enomoto,
Renan Dos Santos Paixão,
 Yuta  Inami,
Kotaro Arima,
Kotaro Fujikawa,
Malcolm Tsuyoshi Moyo,
Takuma Nishimura,
Ryota Takada,
Lawrence  Izuchukwu,
Kotatsu Kumakura,
Kodai Dohi,
Marcos Guilherme de Almeida Santos Matos,
Kengo Nagai,
Ruon  Hisanaga,
Tsubasa Ando,
Daiya Tono,
Shuma Kido,
Sora Kobori,
Murilo De Souza Costa,
Asahi Yada,
Yuto Katori,
Mitchell  Duke,
Fuchi Honda,
Koya Kazama,
Kazuki Oiwa,
Taika Nakashima,
Sera Watanabe,
Mário Sérgio Pereira Júnior,
Matheus Vieira Campos Peixoto,
Naoki   Suto,
Shuntaro Kawabe,
Rafael Victor de Oliveira Furtado,
Yasufumi Nishimura,
Sotaro Yamamoto,
Jason Geria,
Kaito Miyake,
Kakeru  Aoto,
Gabriel Costa França,
Asahi Uenaka,
Tae-Hyeon Kim,
Browne Noah Kenshin,
Ismael Dunga,
Masamichi Hayashi,
Kishin Gokita,
Kazuyoshi Miura,
Takahiro Sekine,
Jordi Sánchez Ribas,
Ryusei Nose,
Shinya Utsumoto,
Shintaro Nago,
Kensei Ukita,
Soki Tamura,
Kanta Chiba,
Seung-won  Lee,
Taku  Inafuku,
Marcelo Ryan Silvestre dos Santos,
Anderson Patric Aguiar Oliveira,
Shuto Nagano,
Yuki Kusano,
Yusei  Uchida,
David Lawrence,
Ryo Germain,
Manato Kimoto,
Tatsuya Ito,
Daisuke Takagi,
Yuto Anzai,
Keisuke Ito,
Yoshiki Torikai,
Yuya Asano,
Kazuma Takai,
Shoma Doi,
Katsuhiro Nakayama,
Aoi Kudo,
Yukito  Murakami,
Kazumasa  Shimizu,
Keita Yamashita,
Yusuke Segawa,
Patrick Verhon Pertel Pereira,
Manato Hyakuda,
Akinari Kawazura,
Sota Nakamura,
Yuma Mori,
Masaki Ikeda,
Hiryu Okuda,
Takumi Hasegawa,
Keisuke Tada,
Temma Matsuda,
Shido Izuma,
Ken Tokura,
Mauricio Caprini Pinto,
Genya Sekino,
Takuya Shigehiro,
Junma Miyazaki,
Leonardo de Sousa Pereira,
Hiiro Komori,
Sora Mochizuki,
Yū Kobayashi,
Yamato  Wakatsuki,
Shu Yoshizawa,
Masaki Nishimura,
 Tsubasa Nakamura,
Shion Shinkawa,
Hinata Mukai,
Sho Iwamoto,
Ekanit Panya,
Kosuke Hara,
Gustavo Santos Costa,
Tsukasa Morishima,
Eitaro Matsuda,
Yuma Suzuki,
Takuya Wada,
Ren  Sugimoto,
Koya Okuda,
Ryo  Nishitani,
Kazuaki Saso,
Ota Yamamoto,
Ryosuke Tamura,
Shinya Nakano,
Kakeru Higuchi,
Kakeru Yamauchi,
Yuki Muto,
Hiromu Kamada,
Anderson Leonardo da Silva Chaves,
Lukian Araújo de Almeida,
Soichiro Mori,
Kazuya Onohara,
Yu Nakada,
Shu Morooka,
Kiichi Yajima,
Kaique Ferraz Mafaldo,
Carlos Antônio de Souza Júnior,
Shimon Teranuma,
Kengo Fujii,
Motoki Ohara,
Ren Inoue,
Homare Tokuda,
Ryota Aoki,
Shunta Araki,
Ren Nishimura,
Talles Brener de Paula,
Hayata Yamamoto,
Kanta  Tanaka,
Satoki Uejo,
Ryogo Yamasaki,
Patrick William Sá de Oliveira,
Kanta Jojo,
Daiki Yagishita,
Koki  Sakamoto,
Ryotaro Ishida,
Koya Handa,
Makoto Mitsuta,
Matheus Purcelo Blecha de Moraes,
Rodrigo Luiz Angelotti,
Juan Manuel Delgado Lloria,
Anri Narita,
Yuta Miyamoto,
Yutaro Oda,
Gaku Nawata,
Takuma Mizutani,
Deniz Hümmet,
Koya  Hayashida,
Kazuki Fukai,
Chihiro Kato,
Hiroya Sueki,
Seigo Kobayashi,
Ryoma Watanabe,
Haruto Nakano,
Yuki Horigome,
Tomoya Koyamatsu,
Kaito Mori,
Ryo Tanada,
Takuya Fujiwara,
Keito  Kawamura,
Vykintas Slivka,
Takumi Kato,
Ryoya Ogawa,
Shintaro Shimada,
Sang-Ho Na,
Hinata Kida,
Yuta Higuchi,
Ibuki Konno,
Motohiko Nakajima,
Atsuhito Ihara,
Ado  Onaiwu,
Rei Yonezawa,
Taishi  Tamashiro,
Taisei Kato,
William Owie,
Koya Kitagawa,
Hayao Kawabe,
Derek Freitas Ribeiro,
Asuma Ikari,
Kazunari Ichimi,
Arata  Kozakai,
Keigo Hashimoto,
Kai Matsuzaki,
Shuhei Kawasaki,
Shun Ayukawa,
Yudai Kimura,
Shota Hino,
Taiyo Yamaguchi,
Leonardo da Silva Gomes,
Shuto Okaniwa,
Taishi Semba,
Seiichiro Kubo,
Tsuyoshi Ogashiwa,
Takashi Usami,
Yuki Yamamoto,
Marco Túlio Oliveira Lemos,
Lucas Fernandes,
Takuji Yonemoto,
Wellington Luis de Sousa,
Keita Endo,
Soki Hoshino,
Abdelrahman Boudah Saidi,
Takumi Miyayoshi,
Yasuto Wakizaka,
Kai  Sasaki,
Miyu Sato,
Pieros Sotiriou,
Shintaro Kokubu,
Shion Niwa,
Serigne Diop,
Beka Mikeltadze,ベカ　ミケルタゼ
Everton Galdino Moreira,
Naoki Sato,
Masaki Watai,
Ryuji Izumi,
Kiyoshiro Tsuboi,
Ryoya Yamashita,
Koshiro Sumi,
Daigo Furukawa,
Soma Kanda,
Taishiro Okazaki,
Michel Barbosa de Lima,
Yuki Kakita,
Shahab Zahedi,
Ryotaro Meshino,
Daigo Takahashi,
Akira Silvano Disaro,
Kosuke Fujieda,
Ryoma Ishii,
Goki  Yamada,
Keiya Shiihashi,
Kosuke Kinoshita,
Ryota Sawazaki,
Yushi Yamaya,
Fuki Yamada,
Hiroto Asada,
Yudai Shimamoto,
Ryunosuke Sato,
Takeshi Kanamori,
Koichi Murata,
Hiroto Iwabuchi,
Hideatsu Ozawa,
Daiki Sato,
Masaki Kaneura,
Atsuki Yamanaka,
Ryo Nemoto,
Yutani Azuri,
Taku Ikawa,
Kohei Matsumoto,
Matheus Leiria Dos Santos,
Yuki  Aida,
Nao Yamada,
Kenneth Otabor,
Ben Duncan,
Tatsuya Yamaguchi,
Teruki Hara,
Kotaro  Yamahara,
Ryoma Sano,
Taiyo Shimokawa,
Naoki Nomura,
Ryo Nagai,
Toya Myogan,
Katsuya Nakano,
Ryuta Koike,
Seung-Jin Koh,
Aleksandar Čavrić,
Daichi Suzuki,
Neemias Benavenuto Barbosa,
Kevin Pytlik,
Anderson José Lopes de Souza,
Masato Nakayama,
Seiya Take,
Yuto Nagatomo,
Shota Fujio,
Adailton dos Santos da Silva,
Alfredo Horacio Stephens Francis,
Shota Aoki,
Takumi Ito,
Shohei Aihara,
Yoshiaki Takagi,
Nabel Yoshitaka Furusawa,
Takahiro Kitsui,
Ryo Kubota,
Ryuhei Oishi,
Fumiya Sugiura,
Masahide Hiraoka,
Kento Hamasaki,
Ryunosuke Ota,
Kota Kawano,
Reiya Sakata,
Chihiro Konagaya,
Taishi Taguchi,
Keita Shirawachi,
Yuta Arai,
Kento Haneda,
Shunto Kodama,
Eronildo dos Santos Rocha,
Kazuki Kozuka,
Sho Ito,
Mateus Souza Moraes,
Nassim Ben Khalifa,
Taishi  Matsumoto,
Shingo  Omori,
Kazuki Sota,
Shuhei Mizoguchi,
Yuhi  Murakami,
Takumi Tsukui,
Genki  Egawa,
Jin Okumura,
Zain Issaka,
Takato Nonomura,
Thiago Eduardo de Andrade,
Nobuyuki Shiina,
Kengo Furuyama,
Sora Tanaka,
Keisuke Kasai,
Kenyu Sugimoto,
Yuya Taguchi,
Mizuki Ando,
Shoya Nakajima,
Ryusei Takao,
Kanji Okunuki,
Kagetora Hoshi,
Kein Sato,
Yuki Omoto,
Ibuki Yoshida,
João Paulo Queiroz de Moraes,
Ayumu Yokoyama,
Rei Ieizumi,
Koji Suzuki,
Naoki Suzu,
Katsuyuki Tanaka,
Luiz Phellype Luciano Silva,
Lazar Romanić,
Minto Nishimaru,
Daigo Araki,
Hayato Horiuchi,
Yoshio Koizumi,
Akiyuki Yokoyama,
Hikaru Nakahara,
Kyohei Sugiura,
Ayumu  Furuya,
Nagi Kawatani,
Akito Takagi,
Teruhito Nakagawa,
Kaina Tanimura,
Takashi Kawano,
Jin Ikoma,
Matsumura Takumi,松村　拓実
Riku Ochiai,
Lucas Marcos Meireles,
Naoya Senoo,
Arthur Rodrigues Viana,
Koshi Osaki,
Reo Sugiyama,
Hikaru Manabe,
Toi Kagami,
Taichi Hara,
Naoki Kumata,
Fuga  Sakurai,
Atsushi Yoshida,
Shungo Sugiura,
Erison Danilo de Souza,
Yohei  Okuyama,
Yuto Iwasaki,
Shun  Osaki,
Hiroto  Konishi,
Atsushi Kawata,
Jiro Nakamura,
Hibiki Okazawa,
Hyun-woo  Kim,
Masakazu Yoshioka,
 Keisuke Tada,
Kohei Shin,
Taiga  Sasaki,
Ryohei Watanabe,
Tomoya Sekiguchi,
Juzo Ura,
Kyota Mochii,
Sora  Hiraga,
Kanji Kuwayama,
Koki Yonekura,
Koki Tsukagawa,
Ryota Shibuya,
Ryotaro Araki,
Hisashi Jogo,
Ryunosuke Sagara,
Noriyoshi Sakai,
Hijiri Onaga,
Rimu Matsuoka,
Ryoga Sato,
Ryonosuke Kabayama,
Yuki Ohashi,
Taofiq Jibril,
Yuta Kumamoto,
Danilo Cardoso Novais da Silva,
Keita Saito,
Shunmei Horikane,
Marukomutsuyoshi Moyo,
Renji Hidano,
Kosuke Onose,
Daichi Ishikawa,
Haru Kano Haru Kano,
Satoshi  Tanaka,
Kengo Kawamata,
Origbaajo Ismaila,
Shin Yamada,
Vinícius de Souza Alves,
Yuta  Inami,
Naoya Takahashi,
Ryuki Hirahara,
Kanaru Matsumoto,
Ryoma Kida,
Luiz Eduardo dos Santos Gonzaga,
Keigo Higashi,
Yuki Kagawa,
Ken Yamura,
Yu Tomidokoro,
Yoshihiro Nakano,
Yoshihito  Kondo,
Lucas Vargas Cavalcanti,
Bevic Moussiti-Oko,
Konosuke  Fukumiya,
Ryosuke Yamanaka,
Nanasei Iino,
Ryota Kajikawa,
Ryuji Sawakami,
Shusuke Ota,
Lucas Barcelos Damasceno,
Mikhael Akatsuka,
Kazuki Fukui,
Yamato Naito,
Shunsuke Saito,
Werik Silva Pinto,
Hiroto Yamami,
Ryohei Wakizaka,
Yuta Fujihara,
