Cluster 0 (92人),Cluster 1 (58人),Cluster 2 (75人),Cluster 3 (70人)
髙木　彰人,横山　智也,矢島　輝一,浅川　隼人
宮吉　拓実,渡邊　啓吾,小堀　空,吉田　篤志
中野　誠也,横山　歩夢,長沢　駿,山田　新
山田　寛人,前田　直輝,山本　駿亮,島田　拓海
高木　大輔,荒木　駿太,ブワニカ　啓太,肥田野　蓮治
梅田　魁人,佐々木　大樹,植中　朝日,鈴木　大馳
仲川　輝人,西野　太陽,吉田　伊吹,古川　大悟
藤本　佳希,宮崎　純真,石川　大地,駒沢　直哉
多田　圭佑,食野　亮太郎,原　大智,堀金　峻明
山見　大登,齋藤　学,宮代　大聖,川又　堅碁
鮎川　峻,ジョルディ　クルークス,宇佐美　貴史,アマドゥ　バカヨコ
新川　志音,大澤　朋也,中島　元彦,橋本　啓吾
鈴木　武蔵,小見　洋太,谷口　海斗,シャハブ　ザヘディ
藤井　一志,石橋　瀬凪,梅木　翼,エリソン
高井　和馬,エヴェルトン　ガウディーノ,西村　拓真,ピエロス　ソティリウ
髙橋　利樹,奥田　晃也,小野　裕二,大橋　祐紀
白輪地　敬大,佐藤　恵允,武藤　雄樹,松木　駿之介
齋藤　恵太,満田　誠,杉浦　恭平,ピーター　ウタカ
渡邉　りょう,オナイウ　情滋,加藤　陸次樹,加藤　拓己
草野　侑己,中村　草太,髙澤　優也,白井　陽斗
丹羽　詩温,小柏　剛,ピーダーセン　世穏,岩岸　宗志
田川　亨介,樺山　諒乃介,ディエゴ　オリヴェイラ,望月　想空
安藤　瑞季,久保　吏久斗,キム　ゴンヒ,谷村　海那
小川　慶治朗,西丸　道人,渡　大生,武　星弥
上野　瑶介,半代　将都,中山　仁斗,ドウグラス　タンキ
ジョルディ　サンチェス,ヴィトール　ブエノ,久保　征一郎,寺沼　星文
内藤　大和,宇津元　伸弥,カプリーニ,有馬　幸太郎
田中　翔太,菊井　悠介,山﨑　凌吾,白井　亮丞
ベ　ジョンミン,エリキ,根本　凌,碓井　聖生
福田　翔生,大谷　駿斗,粟飯原　尚平,ジョップ　セリンサリウ
南野　遥海,ヤン　マテウス,ドウグラス　ヴィエイラ,長倉　幹樹
北川　航也,加々美　登生,松本　ケン　チザンガ,鈴木　輪太朗　イブラヒーム
矢村　健,興梠　慎三,ジョアン　パウロ,渡邉　颯太
浮田　健誠,西谷　和希,ルイス　フェリッピ,ディーン　デイビッド
オウイエ　ウイリアム,山下　諒也,富山　貴光,エジガル　ジュニオ
佐藤　凌我,ノーマン　キャンベル,坂本　一彩,青木　翔大
ディアマンカ　センゴール,石井　久継,伊藤　翔,田口　裕也
庵原　篤人,上野　輝人,鈴木　優磨,太田　龍之介
森　海渡,木本　真翔,マテウス　ペイショット,ラファエル　エリアス
永井　謙佑,チアゴ　アンドラーデ,アンジェロッティ,マルクス　ヴィニシウス
石井　稜真,鶴野　怜樹,酒井　宣福,イスマイラ
加藤　大晟,畑　潤基,エロン,日野　友貴
安藤　翼,遠野　大弥,トニー　アンデルソン,ウェズレイ　タンキ
千葉　寛汰,西村　真祈,出間　思努,佐藤　未勇
神代　慶人,北條　真汰,塩浜　遼,中島　大嘉
坪郷　来紀,末永　透瑛,ナッシム　ベン　カリファ,オ　セフン
ナ　サンホ,吉平　翼,伊藤　達哉,小松　蓮
佐藤　大樹,米澤　令衣,イッサム　ジェバリ,高　昇辰
松田　力,太田　修介,三木　直土,細谷　真大
半田　航也,榊原　杏太,松本　孝平,坪井　清志郎
師岡　柊生,曽田　一騎,後藤　優介,平岡　将豪
屋敷　優成,杉山　伶央,酒井　達磨,アダイウトン
木村　勇大,マテウス　モラエス,鈴木　翔大,東家　聡樹
ルキアン,川﨑　修平,ヴァレール　ジェルマン,レオ　セアラ
古山　兼悟,松岡　瑠夢,大島　康樹,ルーカス　バルセロス
マテウス　レイリア,佐藤　亮,三平　和司,櫻川　ソロモン
ディサロ　燦シルヴァーノ,棚橋　尭士,染野　唯月,パトリック
川本　梨誉,ムリロ　コスタ,澤上　竜二,キャスパー　ユンカー
山谷　侑士,,都倉　賢,藤沼　拓夢
ベン　ダンカン,,ジョアン　ヴィクトル,ジャーメイン　良
熊田　直紀,,山下　敬大,山岸　祐也
マテウス　カストロ,,鈴木　孝司,ウェリントン
オリオラ　サンデー,,矢野　貴章,髙尾　流星
田中　想来,,富樫　佑太,ラファエル　フルタード
チアゴ　サンタナ,,富樫　敬真,永井　龍
藤岡　浩介,,鈴木　章斗,フアンマ　デルガド
河辺　駿太郎,,進　昂平,イサーク　キーセ　テリン
田村　翔太,,ネーミアス,木下　康介
舩橋　京汰,,桑山　侃士,小森　飛絢
棚田　遼,,杉本　健勇,マルセロ　ヒアン
星野　創輝,,吉澤　柊,
渡邉　新太,,豊川　雄太,
ラザル　ロマニッチ,,オタボー　ケネス,
和田　育,,武　颯,
小田　裕太郎,,ワッド　モハメッドサディキ,
ンドカ　チャールス,,,
垣田　裕暉,,,
二田　理央,,,
アフメド　アフメドフ,,,
ローレンス　デイビッド,,,
樋口　寛規,,,
菅原　龍之助,,,
佐藤　颯之介,,,
ジェアン　パトリッキ,,,
藤尾　翔太,,,
河田　篤秀,,,
大野　耀平,,,
一美　和成,,,
有田　稜,,,
林　誠道,,,
伊佐　耕平,,,
呉屋　大翔,,,
